{
  "version": "7",
  "dialect": "postgresql",
  "entries": [
    {
      "idx": 0,
      "version": "7",
      "when": 1764744318000,
      "tag": "0000_white_shiver_man",
      "breakpoints": true
    },
    {
      "idx": 1,
      "version": "7",
      "when": 1765282362123,
      "tag": "0001_bizarre_fenris",
      "breakpoints": true
    },
    {
      "idx": 2,
      "version": "7",
      "when": 1765282527873,
      "tag": "0002_handy_kabuki",
      "breakpoints": true
    },
    {
      "idx": 3,
      "version": "7",
      "when": 1765542027202,
      "tag": "0003_same_big_bertha",
      "breakpoints": true
    },
    {
      "idx": 4,
      "version": "7",
      "when": 1765869203179,
      "tag": "0004_daffy_shinko_yamashiro",
      "breakpoints": true
    },
    {
      "idx": 5,
      "version": "7",
      "when": 1767015532997,
      "tag": "0005_silky_rocket_raccoon",
      "breakpoints": true
    },
    {
      "idx": 6,
      "version": "7",
      "when": 1767075491776,
      "tag": "0006_heavy_rachel_grey",
      "breakpoints": true
    },
    {
      "idx": 7,
      "version": "7",
      "when": 1767783838310,
      "tag": "0007_graceful_wild_pack",
      "breakpoints": true
    },
    {
      "idx": 8,
      "version": "7",
      "when": 1767943495250,
      "tag": "0008_tiresome_runaways",
      "breakpoints": true
    },
    {
      "idx": 9,
      "version": "7",
      "when": 1767964497720,
      "tag": "0009_handy_red_wolf",
      "breakpoints": true
    },
    {
      "idx": 10,
      "version": "7",
      "when": 1768220717421,
      "tag": "0010_volatile_changeling",
      "breakpoints": true
    },
    {
      "idx": 11,
      "version": "7",
      "when": 1768394735274,
      "tag": "0011_misty_mantis",
      "breakpoints": true
    },
    {
      "idx": 12,
      "version": "7",
      "when": 1768398440092,
      "tag": "0012_boring_mathemanic",
      "breakpoints": true
    },
    {
      "idx": 13,
      "version": "7",
      "when": 1768459661481,
      "tag": "0013_spotty_mongu",
      "breakpoints": true
    },
    {
      "idx": 14,
      "version": "7",
      "when": 1768915704654,
      "tag": "0014_flat_wonder_man",
      "breakpoints": true
    },
    {
      "idx": 15,
      "version": "7",
      "when": 1769506057842,
      "tag": "0015_natural_night_nurse",
      "breakpoints": true
    },
    {
      "idx": 16,
      "version": "7",
      "when": 1769508779158,
      "tag": "0016_blushing_luke_cage",
      "breakpoints": true
    },
    {
      "idx": 17,
      "version": "7",
      "when": 1769513130921,
      "tag": "0017_clean_golden_guardian",
      "breakpoints": true
    },
    {
      "idx": 18,
      "version": "7",
      "when": 1769581886196,
      "tag": "0018_nice_cloak",
      "breakpoints": true
    },
    {
      "idx": 19,
      "version": "7",
      "when": 1769582016498,
      "tag": "0019_big_prima",
      "breakpoints": true
    },
    {
      "idx": 20,
      "version": "7",
      "when": 1769601071422,
      "tag": "0020_colorful_hellion",
      "breakpoints": true
    },
    {
      "idx": 21,
      "version": "7",
      "when": 1769686263131,
      "tag": "0021_fine_fat_cobra",
      "breakpoints": true
    },
    {
      "idx": 22,
      "version": "7",
      "when": 1769765648039,
      "tag": "0022_last_moon_knight",
      "breakpoints": true
    }
  ]
}